id,name,email,gender
1,Sawyer,sfozard0@google.com,Male
2,Essie,esidwell1@yelp.com,Female
3,Nessie,nwaryk2@marketwatch.com,Female
4,Serge,smingotti3@last.fm,Male
5,Maurita,malcide4@networkadvertising.org,Female
6,Ajay,amawman5@gov.uk,Female
7,Isidore,imaffini6@accuweather.com,Male
8,Gaynor,grosling7@ucoz.com,Female
9,Niki,nlillford8@un.org,Female
10,Shirley,sroos9@comsenz.com,Female
11,Pierre,poffenera@cyberchimps.com,Male
12,Flory,fbarendsb@nydailynews.com,Female
13,Lynette,lsantenc@globo.com,Bigender
14,Lindsay,lburwind@salon.com,Male
15,Adara,amulrenane@kickstarter.com,Female
16,Nicol,nperfittf@ox.ac.uk,Female
17,Lucila,lmcmoniesg@jugem.jp,Non-binary
18,Julita,jbuzekh@elegantthemes.com,Female
19,Louie,ldrennani@stanford.edu,Male
20,Emory,edahlbomj@cocolog-nifty.com,Male
21,Crawford,ckasparskik@xing.com,Male
22,Carmina,canthonal@weather.com,Female
23,Ranice,rscoularm@trellian.com,Female
24,Rudd,rbonen@hao123.com,Male
25,Cindee,cdoctoro@sciencedaily.com,Female
26,Moss,mcottiep@topsy.com,Male
27,Sigfried,sfulleyloveq@globo.com,Genderfluid
28,Ara,abacherr@wunderground.com,Female
29,Retha,rsweatlands@edublogs.org,Female
30,Hanan,hmatzaitist@sciencedirect.com,Male
31,Griffith,gpennicottu@indiatimes.com,Male
32,Dionisio,dboyfordv@list-manage.com,Male
33,Jasper,jgiddensw@craigslist.org,Male
34,Matthiew,mheistermannx@networkadvertising.org,Male
35,Hanny,hshobrooky@myspace.com,Female
36,Jean,jgirkinz@arstechnica.com,Male
37,Nelly,nyanyushkin10@dailymail.co.uk,Female
38,Mureil,mleahey11@sitemeter.com,Female
39,Kippie,kcottu12@xrea.com,Male
40,Kennan,kpearce13@ustream.tv,Genderfluid
41,Vanya,vramsay14@wikia.com,Female
42,Anne,atinton15@topsy.com,Female
43,Leelah,llerwill16@github.io,Female
44,Danya,djoslow17@reference.com,Female
45,Kristina,kcolecrough18@cdc.gov,Female
46,Farr,fjewis19@arstechnica.com,Male
47,Timothea,ttweede1a@bigcartel.com,Female
48,Jerrie,jharower1b@sakura.ne.jp,Male
49,Deanna,dbrennand1c@discuz.net,Female
50,Daron,ddaine1d@seattletimes.com,Female
